id,tag,tagClass,q,a,exp
1,論理・確率,tag-prob,A、B、Cの3人が水鉄砲を撃ち合います。Aの命中率は30%、Bは50%、Cは100%で、順番はA→B→Cです。Aが生き残るためには、最初のターンでどうするのが最善でしょうか？,最初のターンで、わざとはずす（誰も狙わない）,AがBを倒すと、次はCがA（命中率100%）を狙うため確実に死にます。AがCを倒すと、次はBがA（命中率50%）を狙います。しかしAがわざと外すと、BとCがお互いを狙い合います。「わざと外して強い敵同士を戦わせる」ことで生存確率が最も高まります。これを「弱者の戦略」と呼びます。
2,論理・確率,tag-prob,Aはグーを3回・チョキを6回・パーを1回出す。Bはグーを2回・チョキを4回・パーを4回出す（合計10回）。あいこはなく、出す順番が不明とすると、どちらが勝つでしょうか？,Aの勝ち（38勝 vs 28勝、残り34はあいこ）,"AとBの全組み合わせ（10×10＝100通り）を比較します。

■ AがBに勝つケース
A(グー)×B(チョキ)＝3×4＝12
A(チョキ)×B(パー)＝6×4＝24
A(パー)×B(グー)＝1×2＝2
→ 合計 38勝

■ BがAに勝つケース
B(グー)×A(チョキ)＝2×6＝12
B(チョキ)×A(パー)＝4×1＝4
B(パー)×A(グー)＝4×3＝12
→ 合計 28勝

よって 38対28 で A の勝ちです。"
3,思考・発散,tag-think,あなたが「好き」または「よく使う」商品を一つ思い浮かべてください。その商品の課題（不満・改善点）を3つ挙げ、それぞれの解決策を考えてみましょう。,正解なし——思考のプロセスが大切です,"例：スマートフォン
①課題：電池の減りが早い
　解決策：省電力モードの自動最適化、バッテリー交換しやすい設計

②課題：落とすと画面が割れる
　解決策：柔軟性のある素材採用、ケースとの一体設計

③課題：アプリが増えると重くなる
　解決策：不要アプリの自動整理AI

ポイント：「課題 → なぜ起きるか → 誰が困るか → どう解決するか」の順で考えると深くなります。"
4,オープン思考,tag-open,飲み物の自動販売機を工場から出荷する直前に、何を検査すべきでしょうか？できるだけ多くの観点から考えてみてください。,正解なし——網羅性と優先度付けがポイントです,"【機能面】
・コイン・紙幣・電子マネーの認識と釣り銭の正確性
・商品の排出動作
・冷却・加温機能

【安全面】
・漏電・感電リスク
・転倒防止ボルト

【外観・UX面】
・傷・凹みがないか
・表示ラベルの正確さ
・夜間照明

【データ・通信面】
・売上データの送信機能
・在庫センサーの動作

視点：安全 → 機能 → 品質 → UX → データの順で網羅すると漏れが少なくなります。"
5,論理・確率,tag-prob,コインを3枚投げたとき、少なくとも1枚が表になる確率は？,7/8（約87.5%）,全パターン＝2³＝8通り。全て裏になる確率は(1/2)³＝1/8。よって少なくとも1枚表＝1－1/8＝7/8です。
6,論理・確率,tag-prob,赤い球5個・青い球3個が入った袋から2個取り出すとき、両方赤い確率は？,10/28＝5/14（約35.7%）,全組み合わせ＝8C2＝28通り。両方赤＝5C2＝10通り。確率＝10/28＝5/14です。
7,論理・確率,tag-prob,「モンティ・ホール問題」：3つの扉のうち1つに賞品。1つ選んだ後、司会が外れ扉を1つ開ける。扉を変えるべき？変えないべき？,変えるべき（当たる確率が2/3になる）,最初に選んだ扉が当たりの確率は1/3、外れの確率は2/3です。司会は常に外れ扉を開けるので、残り1つの扉は2/3の確率で当たりになります。直感に反しますが、変えた方が有利です。
8,論理・確率,tag-prob,ある病気の感染率は0.1%。検査の精度は感染者を99%正確に陽性と判定する（偽陰性1%）、非感染者を99%正確に陰性と判定（偽陽性1%）。陽性と判定されたとき、本当に感染している確率は？,約9%,1万人中：感染者10人→9人が陽性、非感染者9990人→約100人が偽陽性。合計約109人の陽性中、本当の感染者は9人。9/109≒8.3%。検査精度が高くても、発症率が低いと的中率は思ったより低くなります（ベイズの定理）。
9,論理・確率,tag-prob,嘘をついている人と正直な人が1人ずついます。どちらかに「あなたは正直者ですか？」と聞くと、必ず「はい」と答えます。なぜ？,嘘つきは「正直者か？」に「いいえ」が正直な答えだが、嘘をつくので「はい」と言う,正直者→「はい」（正直に答える）。嘘つき→本当は「いいえ」だが嘘をつくので「はい」と言う。どちらも「はい」と答えるため、この質問では見分けられません。
10,論理・確率,tag-prob,100人の村人のうち、嘘つきが1人います。全員が「私は正直者だ」と言いました。あなたはどの情報を得られましたか？,何も得られない（全員が「正直者だ」と言うことが分かっているだけ）,正直者は正直に「私は正直者だ」と言い、嘘つきも「正直者だ」と嘘をつく。つまりこの発言から誰が嘘つきかを特定する情報はゼロです。
11,論理・確率,tag-prob,サイコロを2つ振ったとき、出た目の合計が7になる確率は？,6/36＝1/6（約16.7%）,"合計が7になる組み合わせ：(1,6)(2,5)(3,4)(4,3)(5,2)(6,1)の6通り。全組み合わせは36通りなので、確率＝6/36＝1/6です。実は合計7が最も出やすい数です。"
12,論理・確率,tag-prob,「誕生日のパラドックス」：何人集まれば、同じ誕生日の人が2人いる確率が50%を超えますか？,23人,23人集まると、誰か2人が同じ誕生日である確率が約50.7%になります。366人でないと100%にならないと思いがちですが、23人で50%を超えます。ペアの数が多くなるためです。
13,論理・確率,tag-prob,封筒が2つあり、一方には1万円、もう一方には2万円が入っています。1つ選んで開けたら1万円でした。もう1つに換えますか？,どちらでも期待値は同じ（換えても換えなくても意味がない）,最初に封筒を選んだとき、1万円か2万円かの確率は各1/2。開けて1万円とわかったなら、もう1つは確実に2万円。ただし最初から「この状況になる確率」を考えると、換えても換えなくても期待値は変わりません。
14,論理・確率,tag-prob,A・B・C・Dの4チームがトーナメント（1回戦負けは終わり）を行います。全試合の勝敗パターンは何通りありますか？,8通り,1回戦：A対B（2通り）、C対D（2通り）＝4通り。決勝：1回戦の勝者同士（2通り）。合計4×2＝8通りです。
15,論理・確率,tag-prob,1から100までの整数のうち、3の倍数または5の倍数はいくつありますか？,47個,3の倍数：100÷3＝33個。5の倍数：100÷5＝20個。15の倍数（両方の倍数）：100÷15＝6個。包除原理より33＋20－6＝47個です。
16,論理・確率,tag-prob,赤・青・黄・緑の4色で隣り合う国を同じ色にしないように地図を塗るとき、最低何色必要ですか？（四色定理）,4色（あらゆる地図は4色で塗れる）,四色定理（1976年にコンピュータで証明）：どんな地図も隣接する領域を異なる色で塗るのに4色で十分です。3色では足りない場合があります。
17,論理・確率,tag-prob,ある人が嘘か本当かランダムに答える人に「今日は雨ですか？」と聞いたら「はい」と言われました。本当に雨の確率は？,50%（情報を何も得られない）,ランダムに答える人の返答は雨か晴れかと無関係です。「はい」と言われても実際の天気についての情報はゼロ。確率は事前確率（例：50%）のまま変わりません。
18,論理・確率,tag-prob,52枚のトランプから1枚引いたとき、ハートまたは絵札（J・Q・K）が出る確率は？,25/52（約48.1%）,ハート：13枚。絵札：12枚（4スート×3）。ハートの絵札（重複）：3枚。包除原理：13＋12－3＝22枚…は誤り。ハートの絵札を含むので正しくは13＋12－3＝22。よって22/52＝11/26ではなく、ハート13枚＋絵札のうちハート以外9枚＝22枚なので22/52＝11/26≒42.3%。
19,論理・確率,tag-prob,5人がランダムに並ぶとき、AとBが隣り合う確率は？,2/5（40%）,全並び方：5!＝120通り。AとBを1セットとして4つの単位が並ぶ：4!×2＝48通り（AとBの順序2通り）。確率＝48/120＝2/5。
20,論理・確率,tag-prob,「シンプソンのパラドックス」：A病院はB病院より軽症・重症ともに回復率が高い。しかし全体の回復率はB病院の方が高い。これはなぜ起き得る？,各グループの患者数の割合が病院間で異なるため,例：A病院は重症患者が多く、B病院は軽症患者が多い場合、各群ではAが優れていても、全体集計ではBが有利に見えます。データは集計方法によって逆の結論になることがあります。
21,論理・確率,tag-prob,0〜9の数字カードが1枚ずつあります。3枚選んで3桁の数字を作るとき、何通り作れますか？,648通り,百の位：1〜9の9通り（0は使えない）。十の位：残り9枚から1枚：9通り。一の位：残り8枚から1枚：8通り。合計9×9×8＝648通り。
22,論理・確率,tag-prob,コインを10回投げたとき、表が5回出る確率は？（二項分布）,252/1024≒24.6%,10C5×(1/2)^10＝252/1024≒24.6%。直感的に50%と思いがちですが、実は4回や6回の方が出ることも多く、ちょうど5回は意外と低い確率です。
23,論理・確率,tag-prob,論理パズル：「この文章は偽である」は真ですか、偽ですか？,どちらとも言えない（自己言及パラドックス）,真だとすると「この文章は偽」が成立してしまい矛盾。偽だとすると「この文章は偽」が間違い→真になり矛盾。ラッセルの逆説やゲーデルの不完全性定理に関連する自己言及の問題です。
24,論理・確率,tag-prob,A・B2人がじゃんけんを繰り返し、先に3勝した方が優勝とします。最大何回戦いますか？,最大5回,一方が3勝するまで続けます。例えば2勝2敗で5回戦目に決まる場合が最長。3＋3－1＝5回が最大です（5回目で必ず勝者が決まる）。
25,論理・確率,tag-prob,赤10個・白5個の玉が入った袋から1個取り出し、色を見ずに戻さずもう1個取り出す。2個とも赤い確率は？,10/15 × 9/14 ＝ 90/210 ＝ 3/7（約42.9%）,1個目が赤：10/15。2個目も赤（残り14個中9個赤）：9/14。掛け合わせると10/15×9/14＝90/210＝3/7≈42.9%。
26,論理・確率,tag-prob,1〜50の整数からランダムに1つ選ぶとき、素数が選ばれる確率は？,15/50＝3/10（30%）,"1〜50の素数：2,3,5,7,11,13,17,19,23,29,31,37,41,43,47の15個。確率＝15/50＝3/10＝30%。"
27,論理・確率,tag-prob,AとBがそれぞれコインを投げ、表が出た方が勝ちとします。同時に投げる場合、引き分け（両方表か両方裏）になる確率は？,1/2（50%）,組み合わせ：表表、表裏、裏表、裏裏の4通り。引き分け（表表・裏裏）は2通り。確率＝2/4＝1/2。
28,論理・確率,tag-prob,100段の階段を、1段または2段ずつ上がる方法は何通りありますか？,フィボナッチ数列の第101項（約573億通り）,f(n)＝f(n-1)＋f(n-2)のフィボナッチ数列になります。f(1)＝1、f(2)＝2、f(3)＝3...と続き、f(100)は非常に大きい数になります。
29,論理・確率,tag-prob,平均打率.300のバッターが4打席立ちます。少なくとも1本ヒットを打つ確率は？,約76%（1−0.7^4）,4打席全てアウトになる確率：0.7^4＝0.2401。少なくとも1本ヒット：1−0.2401＝0.7599≒76%。4打席立てば意外と高確率でヒットが期待できます。
30,数学・暗算,tag-math,1から100までの整数をすべて足すといくつですか？,5050,ガウスの公式：n×(n+1)÷2。100×101÷2＝5050。1＋100＝101、2＋99＝101...と50ペアできることから導けます。
31,数学・暗算,tag-math,99×99を暗算で求めてください。,9801,(100-1)²＝10000−200＋1＝9801。(a-b)²公式を使うと簡単です。
32,数学・暗算,tag-math,2の10乗はいくつですか？,1024,2^10＝1024。コンピュータの世界では「約1000」として使われます（1KB≈1024バイト）。
33,数学・暗算,tag-math,時速60kmで走る車が2時間30分で進む距離は？,150km,60km/h×2.5h＝150km。2時間30分＝2.5時間に変換するのがポイントです。
34,数学・暗算,tag-math,円周率πを小数点以下5桁まで言ってください。,3.14159,π≒3.14159265...。「産医師異国に向こう」などの語呂合わせで覚えられます。
35,数学・暗算,tag-math,3/4 ÷ 1/2 を計算してください。,3/2（1.5）,分数の割り算は逆数をかけます：3/4×2/1＝6/4＝3/2＝1.5。
36,数学・暗算,tag-math,正三角形の内角の和は何度ですか？また1つの角は？,内角の和180度、1つの角60度,三角形の内角の和は常に180度。正三角形は3つの角が等しいので180÷3＝60度。
37,数学・暗算,tag-math,「鶴亀算」：鶴と亀が合わせて10匹います。足の合計が32本のとき、鶴と亀は何匹ずつ？,鶴6匹、亀4匹,鶴をx、亀をyとすると：x＋y＝10、2x＋4y＝32。全部鶴なら足は20本→32−20＝12本多い→亀1匹で2本増→亀4匹。鶴6匹。
38,数学・暗算,tag-math,√2 を小数で表すと？（上位3桁まで）,1.41（「ひとよひとよにひとみごろ」）,√2≒1.41421356...。直角二等辺三角形の斜辺の比です。語呂合わせ：「ひとよひとよにひとみごろ」(1.41421356)。
39,数学・暗算,tag-math,10%引きにしてさらに10%引きにすると、合計何%引きになりますか？,19%引き（81%の値段）,0.9×0.9＝0.81。20%引きではありません。1000円なら900円→810円。割引は元の値段に対してではなく、その時点の値段にかかります。
40,数学・暗算,tag-math,時速90kmを秒速に直すといくつですか？,秒速25m,90km/h÷3.6＝25m/s。km/hをm/sに変換するには3.6で割ります。（1km＝1000m、1h＝3600s→÷3.6）
41,数学・暗算,tag-math,1から10までの整数の積（10の階乗、10!）はいくつですか？,"3,628,800","10!＝1×2×3×4×5×6×7×8×9×10＝3,628,800。10人の並び方の総数でもあります。"
42,数学・暗算,tag-math,正六角形の内角の和は何度ですか？また1つの角は？,内角の和720度、1つの角120度,n角形の内角の和＝(n-2)×180。六角形：(6-2)×180＝720度。1つの角＝720÷6＝120度。
43,数学・暗算,tag-math,125×8を暗算で求めてください。,1000,125×8＝125×8。125×4＝500、×2＝1000。または1000÷8＝125と逆算してもOK。1/8＝0.125という関係が使えます。
44,数学・暗算,tag-math,ある数を2倍して50を引いたら100になりました。元の数は？,75,2x－50＝100 → 2x＝150 → x＝75。
45,数学・暗算,tag-math,半径5cmの円の面積は？（πを使って答えてください）,25π cm²（約78.5cm²）,円の面積＝πr²＝π×5²＝25π≒78.54cm²。
46,数学・暗算,tag-math,0.1＋0.2 をコンピュータで計算すると0.3にならないことがあります。なぜ？,浮動小数点数は2進数で表現されるため、0.1や0.2が正確に表現できない,0.1は2進数では0.000110011...（無限循環小数）になります。コンピュータは有限のビット数で表現するため誤差が生じます。プログラマーが浮動小数点を扱う際の重要な知識です。
47,数学・暗算,tag-math,3桁の数ABCがあり、ABC＋CBA＝1111になる組み合わせを1つ挙げてください。,例：481＋184＝665（不正解）→ 例：550＋055は不可 → 正しくは例えば182＋281＝463（違う）→ 実は556＋655ではない。209＋902＝1111,"A＋C＝11（繰り上がりあり）、B＋B＝10（B＝5）、C＋A＝11。B＝5、A＋C＝11の組み合わせ：(2,9),(3,8),(4,7),(5,6)など。例：209＋902＝1111。"
48,数学・暗算,tag-math,1辺10cmの立方体の体積と表面積はいくつですか？,体積1000cm³、表面積600cm²,体積＝10³＝1000cm³。表面積＝6面×10²＝600cm²。
49,数学・暗算,tag-math,消費税10%で1100円の商品の税抜き価格はいくつですか？,1000円,税込価格÷1.1＝税抜価格。1100÷1.1＝1000円。「1100×10÷11」と計算してもOK。
50,数学・暗算,tag-math,平均点が60点のクラス40人に、10人が転入して平均点が65点になりました。転入生10人の平均点は？,90点,元のクラス合計：60×40＝2400点。新しい合計：65×50＝3250点。転入生の合計：3250－2400＝850点。平均：850÷10＝85点。
51,数学・暗算,tag-math,「ゼノンのパラドックス」：アキレスが亀の10m後ろからスタートします。アキレスが10m進む間に亀は1m進みます。アキレスは亀に追いつけますか？,追いつける（無限級数は有限の和に収束する）,10＋1＋0.1＋0.01＋...＝10/(1-0.1)＝11.11...m地点で追いつきます。無限に分割しても合計は有限（等比級数）。古代ギリシャの有名な逆説です。
52,数学・暗算,tag-math,4桁の数をランダムに選ぶとき、各桁の数字の和が10になる確率はどう求めますか？また概算は？,正確な計算は難しいが、直感的には低確率（数%程度）,1000〜9999の4桁の数字9000個のうち、各桁の和が10になる組み合わせを数えます。星と棒の問題（重複組み合わせ）で求められますが計算が複雑。概算でおよそ4〜7%程度です。
53,数学・暗算,tag-math,身長170cmの人の体重が適正とされるBMI22のとき、体重は何kgですか？,約63.5kg,BMI＝体重(kg)÷身長(m)²。22＝体重÷1.7²＝体重÷2.89。体重＝22×2.89≒63.6kg。
54,数学・暗算,tag-math,光の速さは約30万km/sです。地球から月まで（約38万km）光が届くのに何秒かかりますか？,約1.27秒,38万km÷30万km/s≒1.27秒。月との通信に約1.3秒の遅延があります。
55,フェルミ推定,tag-open,日本にあるコンビニの数を推定してください。,約6万店（実際：約5万8千店）,人口1億2千万人÷コンビニ1店舗あたりの利用者数（約2000人）＝6万店。または都道府県平均1300店×47≒6万店。実際は約5.8万店（2024年時点）。
56,フェルミ推定,tag-open,東京タワーの重さを推定してください。,約4000トン,高さ333m、鉄塔。1mあたりの鉄の重さを約12トンと仮定→333×12≒4000トン。実際は約4000トン（内部設備含む）。
57,フェルミ推定,tag-open,日本で1日に食べられるラーメンの杯数を推定してください。,約1000万杯,人口1.2億人のうちラーメンを食べる人の割合（週1回として1.2億÷7≒1700万人）から、ラーメン専門店・チェーン・自宅等を合わせると概ね1000万杯。実際の統計値も年間60億杯÷365≒1640万杯とも言われます。
58,フェルミ推定,tag-open,日本の美容師の数を推定してください。,約50万人,美容室の数約25万件（人口500人に1店）×スタッフ2名＝50万人。厚労省データでは約55万人の美容師が登録されています。
59,フェルミ推定,tag-open,東京ドームに水を満杯にしたら、何立方メートルになりますか？,約124万m³（公式：124万m³）,東京ドームの容積は約124万m³。フェルミ推定では「楕円体」として近似：長軸215m×短軸185m×高さ56m×π÷6×2≒約120万m³。「東京ドーム○杯分」の単位として有名です。
60,フェルミ推定,tag-open,日本のタクシー運転手の数を推定してください。,約20〜30万人,タクシー台数：約21万台（許可台数）×1〜1.5人（シフト制）≒21〜31万人。実際には約30万人の第二種免許保有タクシー運転手がいます。
61,フェルミ推定,tag-open,渋谷駅の1日の乗降者数を推定してください。,約300万人（ハチ公口だけで約50万人）,渋谷駅は複数の路線が乗り入れ（JR・東急・メトロ他）。1路線あたり平均50万人×6路線＝約300万人。実際は2023年データでJR渋谷駅だけで約76万人/日。
62,フェルミ推定,tag-open,日本全国の信号機の数を推定してください。,約20万基,交差点の数：日本には約20万か所の信号交差点（警察庁データ：約21万か所）。1交差点あたり平均4〜5基×20万交差点≒80〜100万基。信号機の灯器ベースでは約210万灯器。
63,フェルミ推定,tag-open,日本で年間に販売されるペットボトル飲料の本数を推定してください。,約200億本,1人あたり年間約150〜200本×1.2億人＝180〜240億本。業界統計では約200億本前後（2023年頃）。
64,フェルミ推定,tag-open,富士山の体積を推定してください。,約400km³,富士山を円錐として近似：底面の半径約10km、高さ約3.8km。体積＝πr²h÷3＝π×100×3.8÷3≒398km³。実際は約400km³。
65,フェルミ推定,tag-open,日本の医師の数を推定してください。,約33万人,人口1000人あたりの医師数（OECD平均約3人）×1.2億人÷1000＝36万人。日本は2.5人程度なので約30万人。実際は約34万人（2022年厚労省）。
66,フェルミ推定,tag-open,東京都内を走る自転車の台数を推定してください。,約800万〜1000万台,東京都の世帯数約700万世帯×1.5台＝1050万台。ただし自転車の普及率は約60%程度なので700万×0.6×1.5≒630万台。概算で700〜900万台程度。
67,フェルミ推定,tag-open,日本で1日に廃棄される食品（食品ロス）は何トンか推定してください。,約1700トン/日（年間約630万トン÷365）,日本の食品ロスは年間約523〜570万トン（2022年農水省）。365で割ると約1430〜1560トン/日。概算で1500〜2000トン/日。
68,フェルミ推定,tag-open,日本にある自動販売機の台数を推定してください。,約400〜500万台,人口24〜25人に1台の割合と言われます。1.2億÷25＝480万台。実際は約400万台（2022年日本自動販売システム機械工業会）。
69,フェルミ推定,tag-open,東京−大阪間（約550km）を人間が歩いた場合、何日かかりますか？,約11〜14日,1日の歩行距離を40km（1時間5km×8時間）と仮定：550÷40≒14日。健脚なら1日50kmで11日程度。参勤交代の江戸〜大阪は15〜20日かかったと言われます。
70,フェルミ推定,tag-open,スターバックスの日本店舗数を推定してください。,約1800〜2000店,人口6〜7万人に1店舗が都市型カフェの目安。ただしスタバは都市集中型。東京都だけで約400店×全国4〜5倍＝1600〜2000店。実際は約1900店（2024年）。
71,フェルミ推定,tag-open,日本人が1年間に食べるコメの量（1人あたり）を推定してください。,約50kg,1日3食のうち1食をご飯として150g（炊いたご飯）×365＝54.75kg。ただし外食や麺類もあるので実際は若干少ない。農水省データ：1人年間約51kg（2022年）。
72,フェルミ推定,tag-open,日本の年間の交通事故死者数を推定してください。,約2600〜3000人,自動車保有台数約8000万台×事故率で推定。近年は安全技術向上で減少中。実際：2022年は2610人（警察庁）。ピーク（1970年）は1万6000人超でした。
73,フェルミ推定,tag-open,成人一人が一生の間に食べるご飯の総量（茶碗の数）を推定してください。,約6〜8万杯,"1日2杯×365日×80年＝58,400杯≒6万杯。朝食にご飯を食べない日も考慮すると5〜8万杯が妥当な範囲。"
74,フェルミ推定,tag-open,日本で1年間に発行される本（書籍）の新刊点数を推定してください。,約7〜8万点,"出版社数（約3000社）×年間平均新刊数（30点）＝9万点。ただし小規模出版社も多く実態は低め。出版科学研究所データ：2022年は約67,000点。"
75,フェルミ推定,tag-open,日本で使われているスマートフォンの台数を推定してください。,約1億2千万台,人口1.2億人×普及率80%＝9600万台（高齢者・幼児を除く）。2人持ちを考慮すると1.2億台超も。実際の契約数はSIM含め約2億件（総務省2023年）。
76,フェルミ推定,tag-open,東京スカイツリー（高さ634m）の鉄骨の重量を推定してください。,約4万トン（実際：約4万トン）,"1mあたり約60トンの鉄骨×634m＝約38,000トン。実際の使用鉄骨量は約4万トン。東京タワー（約4000トン）の約10倍。"
77,フェルミ推定,tag-open,日本全国の小学校の数を推定してください。,約2万校,"市区町村数（約1700）×平均小学校数（10〜12校）＝17,000〜20,000校。文科省データ：2023年は約18,800校。"
78,フェルミ推定,tag-open,成人一人が生涯に歩く距離を推定してください。,約16〜20万km（地球約4〜5周）,"1日平均8000歩×0.7m/歩≒5.6km/日×365日×80年≒163,000km≒地球4周分。ウォーキングが多い人は地球5周以上になります。"
79,フェルミ推定,tag-open,日本の全オフィスワーカーが1日に印刷する紙の枚数を推定してください。,約2〜3億枚/日,オフィスワーカー数：約3000万人×1人あたり10枚/日＝3億枚。A4用紙500枚束が60万束分。ペーパーレス化で減少傾向ですが依然大量。
80,論理・確率,tag-prob,100人が一列に並び、前から見える人だけが赤い帽子か白い帽子かを当てます。各人は自分の帽子の色は分からず、前の人の帽子しか見えません。後ろから順に答えていくと、何人が確実に正解できますか？,99人（最後尾以外は全員正解できる）,最後尾の人は誰の帽子も見えないので2分の1の確率でしか当てられません。しかし最後尾の人が自分の見た色を声に出すルール（例：赤の数が偶数なら『赤』、奇数なら『白』）を事前に決めておけば、それ以降の全員が前の発言と自分が見える帽子の数から逆算でき、99人が確実に正解できます。
81,論理・確率,tag-prob,3人の囚人A・B・Cがいて、2人が処刑され1人が恩赦されます。Aが看守に『BとCのうち少なくとも1人は処刑されるはずだから、その名前を教えて』と聞き、看守は『Bが処刑される』と答えました。これでAの恩赦の確率は上がりましたか？,変わらない（依然として1/3）,直感的にはAとCの2人に絞られたので1/2に思えますが、看守は『Bが処刑される』という情報がAの運命と無関係に存在するため、Aの恩赦確率は元の1/3のまま変わりません。これは「3囚人問題」として知られるベイズ推論の典型例です。
82,論理・確率,tag-prob,ある島に「真実しか言わない部族」と「嘘しか言わない部族」がいます。1本道の分かれ道で、片方の人に1回だけ質問して正しい道を知るには、何と聞けばよいですか？,『あなたの部族の人なら、この道が正しいと言いますか？』と聞く,正直者は本当のことをそのまま答えます。嘘つきは『嘘つきならどう答えるか』を尋ねられると、本当の答えを一度ひっくり返し、さらに嘘をつくのでもう一度ひっくり返り、結局正しい答えに戻ります。二重否定の仕組みを使った質問です。
83,論理・確率,tag-prob,5枚のカードがあり、表に数字、裏に色が書かれています。『偶数の表のカードは裏が必ず赤』というルールを確認するには、最低何枚のカードをめくる必要がありますか？（ウェイソン選択課題）,2枚（偶数が書かれたカードと、赤以外の色のカード）,偶数のカードの裏が赤かを確認する必要があり、また赤以外の色のカードの裏が奇数であることも確認する必要があります（対偶の確認）。奇数のカードや赤いカードをめくる必要はありません。これは論理学における条件文の検証として有名な実験です。
84,論理・確率,tag-prob,ある男が『私の2人の子供のうち少なくとも1人は男の子です』と言いました。もう1人も男の子である確率は？,1/3,性別の組み合わせは（男男・男女・女男・女女）の4通りで同確率です。『少なくとも1人男』という条件で女女が除外され、残り3通り（男男・男女・女男）のうち男男は1通り。確率は1/3になります。直感の1/2とは異なります。
85,論理・確率,tag-prob,12個の見た目が同じ玉があり、1つだけ重さが違います（重いか軽いかは不明）。天秤を3回使って、その1個を特定し、重いか軽いかも判定する方法はありますか？,ある（4個ずつ3グループに分けて比較していく方法）,12個を4個×3グループに分け、2グループを天秤に乗せます。釣り合えば残りのグループに異物があり、釣り合わなければ重い側に異物がある可能性が高まります。情報理論的には3^3=27通りの判定が可能で、12個×2（重い/軽い）=24通りを十分カバーできます。
86,論理・確率,tag-prob,100枚のコインがあり、10枚だけ偽物（偽物は1g軽い）です。天秤（重さを測れるデジタル式）を1回だけ使って、どのコインが偽物か全て特定する方法はありますか？,ある（1枚目を1個、2枚目を2個…と積んで測る方法）,1番目のコインを1枚、2番目を2枚、3番目を3枚…と積んで全体の重さを測ります。偽物がなければ予想重量と一致しますが、偽物が混ざると不足分のグラム数からどの番号が偽物かを2進数的・線形的に特定できます。
87,論理・確率,tag-prob,3人の論理学者が『今日が何曜日か分からないが、3人とも違う曜日だと思っている』状況で、お互いに『自分は知らない』と1回ずつ宣言した後、3回目の宣言で全員が正解しました。これは何を示していますか？,『共有知識（common knowledge）』が段階的に形成されるプロセスを示している,各人が『分からない』と発言するたびに、他の人はその発言から新しい情報を得て推論を進めます。これは「共有知識のパズル」（泥だらけの子供問題などと同系統）で、発言の繰り返しによって全員の知識状態が収束していく様子を表します。
88,論理・確率,tag-prob,ある部屋に100人がいて、毎晩1人が殺される『マーダーミステリー』ゲームがあります。誰が殺し屋かを示す情報は一切公開されないとき、論理だけで殺し屋を特定できますか？,できない（情報が全く与えられない場合、純粋な論理だけでは特定不可能）,論理パズルが解けるのは、何らかの制約条件（発言、ヒント、行動パターンなど）が与えられているからです。情報が一切ない場合、推論の土台がないため論理だけでは答えを導けません。情報の有無を見極めることも論理パズルの大事な視点です。
89,論理・確率,tag-prob,ある町に理容師が1人だけいて、『自分で髭を剃らない人の髭だけを剃る』と宣言しています。この理容師は自分の髭を剃るでしょうか？,どちらとも言えない（理容師のパラドックス、自己言及の矛盾）,理容師が自分の髭を剃るなら『自分で髭を剃らない人』に当たらなくなり矛盾。剃らないなら『自分で髭を剃らない人』に該当し、剃るべきだという矛盾が生じます。これはバートランド・ラッセルが集合論の矛盾を説明するために使った例えです。
90,論理・確率,tag-prob,赤い帽子3個・青い帽子2個があり、3人が一列に並んで前の人の帽子だけ見える状態で帽子をかぶります（自分と後ろは見えない）。最後尾の人から『分からない』と言われた後、中間の人が自分の帽子の色を当てられました。中間の人は何色で、どう推論しましたか？,中間の人は前の人の帽子と、最後尾が分からなかった事実から推論する（具体的な色は前方の人の帽子色に依存）,最後尾の人が『分からない』と言ったのは、前の2人の帽子が同じ色ではなかったから（同じ色なら残りの帽子の比率から分かったはず）です。中間の人はこの事実と自分から見える最前列の帽子色を組み合わせて、自分の帽子の色を逆算できます。
91,論理・確率,tag-prob,Aさんが『私は今から言うことのうち、ちょうど1つだけが本当です：①今日は月曜日、②私は嘘つきだ、③明日は晴れる』と言いました。これは成立しますか？,状況によって成立する場合としない場合がある（自己言及を含むため文脈依存）,②『私は嘘つきだ』が本当だとすると、Aは嘘つきなので①と③も嘘でなければならず、ちょうど1つが本当という条件に矛盾しません。しかし②が嘘だとすると別の組み合わせを検討する必要があり、外部事実（実際に月曜か、明日晴れるか）に依存して真偽が変わります。
92,論理・確率,tag-prob,3つの箱があり、1つに金貨、2つに何も入っていません。各箱には『この箱には金貨が入っている』『この箱には金貨が入っていない』『箱2には金貨が入っていない』というラベルが貼られていて、ちょうど1つのラベルだけが真実です。金貨はどの箱に入っていますか？,箱2に入っている,各箱を仮定して検証します。箱1に金貨があると仮定すると、箱1のラベル『金貨が入っている』が真、箱2のラベル『金貨が入っていない』も真になり2つ真実になるため矛盾。箱2に金貨があると仮定すると、箱3のラベルのみが真になり条件を満たします。
93,論理・確率,tag-prob,ある国では、すべての家族が女の子を望んでおり、男の子が生まれたらそれ以降は子供を作らず、女の子が生まれたら次の子供も持つというルールがあります。長期的に見て、男女の人口比はどうなりますか？,ほぼ1:1のまま変わらない（出産確率自体が変わらないため）,各出産で男女の生まれる確率はそれぞれ50%のままなので、ルールによって個々の家族の子供数は変わっても、社会全体の男女比には影響しません。直感的には女の子が増えそうに思えますが、これは有名な誤解を生む確率パズルです。
94,論理・確率,tag-prob,Aが『次にサイコロを振って6が出たら100万円あげる、出なければあなたが1万円払う』という賭けを提案しました。この賭けに乗るべきですか？期待値で考えてください。,乗るべき（期待値が大幅にプラスになる）,"期待値＝(1/6×100万円)＋(5/6×(−1万円))＝166,667円−8,333円＝約158,333円。期待値は大きくプラスなので、長期的・確率論的には乗るべき賭けです。ただし1回限りなら分散（リスク）も考慮する必要があります。"
95,論理・確率,tag-prob,赤玉と白玉が同数ずつ入った2つの袋A・Bがあります。袋Aから玉を1個取り出して袋Bに入れ、よく混ぜた後、袋Bから玉を1個取り出して袋Aに戻します。最終的に袋Aの赤玉の数は元と比べてどうなりますか？,変わらない可能性が最も高い（期待値としては元の数のまま）,この操作を期待値で考えると、移動によって生じる赤玉の増減は対称的に打ち消されるため、袋Aの赤玉数の期待値は変化しません。直感的には複雑に見えますが、対称性を使うと簡単に証明できる古典的な確率パズルです。
96,論理・確率,tag-prob,5人がプレゼント交換をします。各人が他の4人の中からランダムに1人を選んでプレゼントを渡すとき、誰からもプレゼントをもらえない人が出る確率はどのくらいですか？,比較的高い（具体的な数値計算は包除原理が必要だが、直感より高くなりがち）,5人が独立にランダムに相手を選ぶため、特定の1人が誰からも選ばれない確率は(4/5)^5≒33%程度です。包除原理を用いて全員が最低1つもらえる確率を厳密に計算すると、誰かが漏れる可能性は意外に高くなります。
97,論理・確率,tag-prob,ある人が『私はこれから言う数字より大きい数字を、あなたが当てたら賞金を出す』と言い、まず『100』と言いました。次にあなたが『101』と言えば必ず勝てますか？,必ず勝てる（数には上限がないため）,整数には上限がないため、相手がどんな数字を提示しても、その数に1を加えればより大きい数字を作れます。これは『最大の数は存在しない』という数学的事実を利用した簡単な論理パズルです。
98,論理・確率,tag-prob,Aは常に真実を言い、Bは常に嘘をつき、Cはランダムに真偽を答えます。3人のうち誰がAかを、2つの質問だけで特定する方法はありますか？,ある（Cを避けて質問できるよう工夫した複合質問を使う）,1人に『あなたの右隣の人はCですか？』のような間接的な質問をして回答パターンを比較し、ランダム回答者（C）の矛盾した発言を手がかりに絞り込みます。質問を工夫すれば2回の質問でAとBとCを区別できる構成が可能です。
99,論理・確率,tag-prob,ボールが入った箱が3つあり、ラベルが『赤赤』『白白』『赤白』ですが、すべてのラベルが間違って貼られていることが分かっています。1つの箱から1個だけ玉を取り出して見ることで、すべての箱の正しい内容を特定できますか？,できる（『赤白』ラベルの箱から1個取れば全て分かる）,ラベルが全て間違っているので、『赤白』ラベルの箱には実際には『赤赤』か『白白』しか入っていません。そこから1個取り出して色が分かれば、残りの箱もラベルの誤りから論理的に特定できます。
100,論理・確率,tag-prob,ある人が6回コインを投げて『表表表表表表』という結果と『表裏表裏表裏』という結果のどちらが出やすいかと聞かれました。正しい答えは？,どちらも同じ確率（各1/64）,コイン投げの各結果は独立しており、特定の6回の並び順はどんな組み合わせでも(1/2)^6=1/64の確率です。『表表表表表表』は偏っているように見えますが、特定のパターンとして見れば他のどの並びとも同じ確率です。
101,論理・確率,tag-prob,3人がエレベーターに乗り、1階・2階・3階のいずれかでランダムに降ります（各階に降りる確率は同じ）。全員が異なる階で降りる確率は？,6/27＝2/9（約22.2%）,全パターンは3^3=27通り。全員異なる階に降りるパターンは3!=6通り（順列）。確率＝6/27＝2/9≒22.2%です。
102,論理・確率,tag-prob,ある宝箱には『真実を言う鍵』と『嘘を言う鍵』の2つがあり、正しい鍵を選べば開きますが、間違った鍵だと爆発します。鍵にはそれぞれ『私は正しい鍵だ』『私は嘘の鍵だ』と書かれています。どちらを選ぶべきですか？,情報不足で判断できない（ラベルの真偽と鍵の正誤に論理的関連がない）,ラベルの文言が本当に正しい鍵に対応しているという前提がなければ、この問題は解けません。一見論理パズルに見えますが、実際は前提条件（ラベルと中身の関係性）が明示されていないトリック問題です。
103,論理・確率,tag-prob,Aの誕生月と日をBだけが知り、Aの誕生年をCだけが知っています。2人がそれぞれ独立に『相手の情報だけでは誕生日を特定できないが、組み合わせれば特定できる』と発言しました。これは何を意味しますか？,公開された発言そのものが追加情報となり、論理的に誕生日を絞り込めることを示している（有名な「チェリルの誕生日」問題と同型）,BとCの『分からない』という発言自体が、ある選択肢を排除する情報になります。これを繰り返すことで、当事者以外の第三者も発言の積み重ねから誕生日を完全に特定できる場合があります。シンガポールの数学オリンピックで話題になった問題です。
104,論理・確率,tag-prob,ある人が壺に赤玉と黒玉を合計100個入れ、毎回ランダムに2個取り出して、同じ色なら黒玉を1個戻し、違う色なら赤玉を1個戻します（取り出した玉は戻さない）。最後に残る1個の色を、最初の赤玉の個数の偶奇から予測できますか？,できる（赤玉の個数が奇数なら最後は赤玉、偶数なら黒玉が残る）,同色を取り出すと赤玉の数は変化せず（黒同士なら黒が減り、赤同士なら赤が2個減って黒が1個増える）、異色を取り出すと赤玉が1個減ります。この操作で赤玉の個数の偶奇は不変に保たれるため、最初の赤玉数の偶奇によって最後に残る色を予測できます。
105,論理・確率,tag-prob,100人が円形に並び、1人目から時計回りに1人ずつ『脱落』させていくと、最後に1人だけ残ります（ヨセフス問題）。100人のとき、最後に残る人は何番目の人ですか？,73番目の人,ヨセフス問題の解は、n=2^m+lのときの解が2l+1になる公式で求められます。100=2^6+36なので、2×36+1=73番目の人が生き残ります。
106,論理・確率,tag-prob,AとBが交互にコインを投げ、先に表を出した方が勝ちというゲームをします。Aが先攻のとき、Aが勝つ確率は？,2/3,Aが1回目で勝つ確率は1/2。Aが負けてBも負けて再びAの番になる確率は(1/2)×(1/2)=1/4で、これが繰り返されます。無限級数として計算するとP=1/2+1/4×P、これを解くとP=2/3となり、先攻が有利です。
107,論理・確率,tag-prob,3つのサイコロを同時に振ったとき、出た目の合計が10になる確率と11になる確率はどちらが高いですか？,同じ（どちらも27/216で等しい）,中世イタリアで実際に議論された問題です。一見10と11は対称的に見えて同じ確率に思えますが、組み合わせ（順序を区別しない）の数は10と11で同じ6通りずつでも、サイコロは区別されるため並べ方（順列）まで数えると、実は両方とも27通りで一致します。
108,論理・確率,tag-prob,無限にある部屋を持つホテル（ヒルベルトの無限ホテル）が満室のとき、新しい1人の客が来ても泊めることができますか？,できる（全員に1部屋ずつ移動してもらえばよい）,各部屋の客に『現在の部屋番号+1』の部屋に移動してもらうと、1号室が空きます。無限の集合では『満室』でも新しい要素を追加できるという、無限集合の不思議な性質（カントールの集合論）を示す有名なパラドックスです。
109,論理・確率,tag-prob,AとBが1〜100の数字を交互に1つずつ言い、合計が初めて100を超えた人が負けというゲームをします（1回に1〜10の数字を加算）。先手は必ず勝てますか？,先手が必ず勝てる（最初に8を言えば、以降は相手の数字を11から引いた数字を言い続ける）,100÷11=9余り1なので、先手はまず『8』を言い、その後は相手が言った数に対して合計が11の倍数になるよう調整します。89→100の壁に相手を追い込むことで、先手必勝の戦略が成立します。
110,数学・暗算,tag-math,37×3を暗算で求めてください。,111,37×3＝111。覚えておくと便利な数字で、37×3、37×6（222）、37×9（333）のように3の倍数倍すると同じ数字が並ぶ性質があります。
111,数学・暗算,tag-math,1から1000までの整数のうち、数字に「7」が含まれる数はいくつありますか？,271個,1〜999の中で「7」を含まない数の個数を数える（各桁が0〜9の9通りから7を除いた9通り、ただし先頭は0を除くなど条件付き）と、3桁の数で729通りなど計算し、全体1000から引くと271個になります。
112,数学・暗算,tag-math,13×17を暗算で求めてください。,221,(15-2)×(15+2)＝15²-2²＝225-4＝221。平均の15を基準にした差の積として計算すると速いです。
113,数学・暗算,tag-math,ある数に7を足して3倍すると、もとの数の5倍より6大きくなりました。元の数はいくつですか？,ある数をxとすると、3(x+7)＝5x+6 → 3x+21＝5x+6 → 15＝2x → x＝7.5,3(x+7)＝5x+6を展開すると3x+21＝5x+6。整理すると21-6＝5x-3x、15＝2x、x＝7.5になります。
114,数学・暗算,tag-math,1/3を小数で表すと？また、なぜ無限小数になるのですか？,0.333...（無限循環小数）,1/3は分母が3で、10進法（2と5以外の素因数を持つ分母）では割り切れないため無限循環小数になります。分母が2や5のべき乗のみで構成される分数だけが有限小数になります。
115,数学・暗算,tag-math,2次方程式 x²−5x+6＝0 の解は？,"x＝2, x＝3",因数分解すると(x-2)(x-3)＝0となり、x＝2またはx＝3が解です。足して5、掛けて6になる2数を探せば見つかります。
116,数学・暗算,tag-math,ある正方形の面積が64cm²のとき、1辺の長さと対角線の長さは？,1辺8cm、対角線8√2cm（約11.3cm）,面積64＝辺²より辺＝8cm。対角線は辺×√2なので8√2≒11.31cmです。
117,数学・暗算,tag-math,1から9までの数字をすべて1回ずつ使って3桁×3桁＝3桁になるような掛け算式は作れますか？（例の存在を答えてください）,作れる（例：159×48ではなく、各数字を一度だけ使う代表例として483×12＝5796などのパターンがある）,9個の数字を全て使い切る『パンデジタル乗算』として知られる構成問題で、複数の解（例：12×483＝5796のように1〜9を一度ずつ使う式）が存在することが知られています。
118,数学・暗算,tag-math,ピザを8等分にカットするには、最低何回直線で切ればよいですか？（重ねて切ってもよい場合）,3回（中心を通る3本の直線で8等分できる）,中心を通る直線1本で2等分、2本目（直交）で4等分、3本目（別の角度）で8等分にできます。重ねて切ることが許されれば3回のカットで済みます。
119,数学・暗算,tag-math,ある数を5で割ると3余り、7で割ると5余ります。100以下でこの条件を満たす最小の数は？,33,"5で割って3余る数：3,8,13,18,23,28,33...。7で割って5余る数：5,12,19,26,33...。両方を満たす最小の数は33です（中国剰余定理）。"
120,数学・暗算,tag-math,3桁の数の中で、各桁の数字の積が最大になる数字の組み合わせは何ですか（999は除く一般則として）？,9が並ぶほど積は最大化される（999が最大値729）,各桁の積を最大化するには各桁を9にするのが最も効果的です。999の場合9×9×9＝729が3桁の数字の積として最大になります。
121,数学・暗算,tag-math,ある正の整数を2乗してから3を足すと28になりました。元の数は？,5,x²+3＝28 → x²＝25 → x＝5（正の整数のため）。
122,数学・暗算,tag-math,関数 f(x)＝2x+3 において、f(5)はいくつですか？,13,f(5)＝2×5+3＝10+3＝13です。
123,数学・暗算,tag-math,ある三角形の3辺が3cm・4cm・5cmのとき、この三角形は何の三角形ですか？,直角三角形,3²+4²＝9+16＝25＝5²となり、ピタゴラスの定理を満たすため直角三角形です（3-4-5の直角三角形は最も有名な整数比）。
124,数学・暗算,tag-math,100の0.5%はいくつですか？,0.5,100×0.5/100＝0.5。パーセントは「100分のいくつか」なので、0.5%は100に0.005を掛けることと同じです。
125,数学・暗算,tag-math,ある商品が定価の20%引きで売られていて、販売価格が4000円のとき、定価はいくつですか？,5000円,定価×0.8＝4000円なので、定価＝4000÷0.8＝5000円です。
126,数学・暗算,tag-math,正の整数nについて、1²+2²+3²+...+n²の合計を求める公式は？n＝10のときの値も答えてください。,公式：n(n+1)(2n+1)/6、n＝10のとき385,公式に10を代入：10×11×21/6＝2310/6＝385。1²から10²までの合計が385になります。
127,数学・暗算,tag-math,ある電車が時速80kmで走り、駅間の距離が12kmのとき、駅間を走る時間は何分ですか？,9分,12km÷80km/h＝0.15時間＝0.15×60分＝9分です。
128,数学・暗算,tag-math,1リットルは何cm³ですか？また、1辺何cmの立方体の体積に等しいですか？,1000cm³、1辺10cmの立方体,1L＝1000mL＝1000cm³です。これは10cm×10cm×10cmの立方体の体積に相当します。
129,数学・暗算,tag-math,"ある数列が2, 5, 10, 17, 26... と続くとき、次の数は何ですか？また規則は？","37（差が3, 5, 7, 9と奇数で増加、または n²+1の数列）","各項はn²+1の形（1²+1=2, 2²+1=5, 3²+1=10, 4²+1=17, 5²+1=26）になっており、次は6²+1＝37です。"
130,数学・暗算,tag-math,正八角形の内角の和と1つの内角の大きさは？,内角の和1080度、1つの内角135度,n角形の内角の和＝(n-2)×180。8角形は(8-2)×180＝1080度。1つの内角＝1080÷8＝135度です。
131,数学・暗算,tag-math,ある人が時給1500円で1日7.5時間、週5日働くとき、月収（4週間として）はいくつですか？,"225,000円","1500円×7.5時間＝11,250円/日。11,250円×5日＝56,250円/週。56,250円×4週＝225,000円。"
132,数学・暗算,tag-math,48と60の最大公約数（GCD）と最小公倍数（LCM）は？,最大公約数12、最小公倍数240,48＝2^4×3、60＝2²×3×5。最大公約数は共通因数の最小：2²×3＝12。最小公倍数は48×60÷12＝240です。
133,数学・暗算,tag-math,ある正方形の対角線の長さが10cmのとき、面積はいくつですか？,50cm²,対角線をdとすると正方形の面積はd²/2で求められます。10²/2＝100/2＝50cm²です。
134,数学・暗算,tag-math,0!（0の階乗）はいくつですか？なぜそう定義されるのですか？,1,階乗の定義n!＝n×(n-1)!を逆算的に成立させるため、0!＝1と定義されます。また「何も並べない並べ方は1通り」という組み合わせ論的な解釈とも一致します。
135,数学・暗算,tag-math,ある人が1年で給料が10%増え、翌年さらに10%減ったとき、2年後の給料は元と比べてどうなっていますか？,元の99%（1%減少）,1.1×0.9＝0.99。10%増えて10%減ると、元の値より1%少なくなります。増減のパーセントは単純に相殺されない点が重要です。
136,数学・暗算,tag-math,円に内接する正六角形の1辺の長さと、円の半径の関係は？,1辺の長さ＝円の半径（等しい）,正六角形は中心から各頂点までの距離（半径）と1辺の長さが等しくなる特別な性質を持ちます。これは正三角形6個に分割できることからも理解できます。
137,数学・暗算,tag-math,ある仕事をAは6日、Bは10日で終わらせます。2人で一緒に働くと何日で終わりますか？,3.75日（3と3/4日）,Aの仕事率は1/6、Bは1/10。合計1/6+1/10＝5/30+3/30＝8/30＝4/15。仕事全体÷4/15＝15/4＝3.75日です。
138,数学・暗算,tag-math,eの値（自然対数の底）は約いくつですか？小数点以下2桁まで答えてください。,2.72（正確には2.71828...）,ネイピア数eは自然界の成長現象（複利計算の極限など）に頻出する重要な数学定数です。e≒2.71828で、これも語呂合わせで覚えられます。
139,数学・暗算,tag-math,ある正の数xについて、x＋1/x＝3のとき、x²＋1/x²はいくつですか？,7,(x+1/x)²＝x²+2+1/x²＝9なので、x²+1/x²＝9-2＝7になります。展開と移項のテクニックがポイントです。
140,オープン思考・フェルミ推定,tag-open,日本にある電柱の数を推定してください。,約3600万本,日本の電柱数は道路や住宅地に密集しています。国土面積や世帯数から1世帯あたり0.5〜0.7本の電柱が対応すると仮定し、約5800万世帯×0.6本≒3500万本程度と推定できます。実際は電力会社データで約3600万本（2020年代）とされています。
141,オープン思考・フェルミ推定,tag-open,世界中で1日に送信されるメールの数を推定してください。,約3000億通/日,メールアカウント数（約42億）×1日あたりの平均送受信数（個人で数十通、業務用も含む）から、世界全体では膨大な数になります。業界統計では1日あたり約3000億通という推定値があります。
142,オープン思考・フェルミ推定,tag-open,東京都内に存在する公衆トイレの数を推定してください。,約1万〜1.5万カ所,公園・駅・商業施設などに設置される公衆トイレを、東京都の人口（約1400万人）や公園数（約8000カ所）から推定すると、概算で1万〜1.5万カ所程度になると考えられます。
143,オープン思考・フェルミ推定,tag-open,日本全国の図書館の数を推定してください。,約3300館,市区町村数（約1700）に対して、人口規模の大きい自治体は複数館を持つため、平均1.5〜2館とすると約3000館前後になります。日本図書館協会のデータでは公共図書館は約3300館です。
144,オープン思考・フェルミ推定,tag-open,1年間に世界で生産されるTシャツの数を推定してください。,約20億〜30億枚,世界人口約80億人のうち、年間1人あたり2〜3枚のTシャツを購入すると仮定すると、160億〜240億枚という推定も成り立ちますが、実際の業界推定では年間約20億〜30億枚というデータもあり、購入頻度や対象人口の仮定によって幅があります。
145,オープン思考・フェルミ推定,tag-open,日本にある橋の数を推定してください。,約70万本,日本は山地が多く河川・道路が密集しているため橋が非常に多い国です。国土交通省のデータによれば、長さ2m以上の橋は約73万本存在するとされています。
146,オープン思考・フェルミ推定,tag-open,世界中のすべての蟻を集めたら、人間の総重量とどちらが重いですか？,蟻の総重量の方が近いか、それ以上とされる説が有力（推定には大きな幅がある）,蟻の個体数は地球上に1万兆〜2万兆匹存在すると推定され、1匹あたり数mgとしても合計すると数千万トン規模になります。人類の総重量（約3億〜4億トン）と比較すると、推定によっては同等かそれ以上になるという説があります。
147,オープン思考・フェルミ推定,tag-open,日本全国のコインランドリーの店舗数を推定してください。,約2万店,単身世帯やマンション住まいの増加を背景に、人口1万人あたり1〜2店舗という仮定で計算すると、1.2億人÷1万人×1.5店≒1.8万店程度になります。業界推定では約2万店とされています。
148,オープン思考・フェルミ推定,tag-open,世界の海に存在するプラスチックごみの総量を推定してください。,約1.5億トン,毎年新たに800万トンが海に流出し、これが数十年間蓄積されてきたと仮定すると、1.5億トン前後という推定が成り立ちます。実際の研究機関の推計でも同程度の数字が示されています。
149,オープン思考・フェルミ推定,tag-open,日本の運転免許保有者数を推定してください。,約8200万人,日本の人口約1.2億人のうち、18歳以上で運転可能な年齢層（約1億人）の70〜80%が免許を保有していると仮定すると、7000万〜8000万人という推定になります。実際の警察庁データでは約8200万人です。
150,オープン思考・フェルミ推定,tag-open,1年間に日本で消費される割り箸の本数を推定してください。,約200億本,外食産業の利用回数（年間数百億食）のうち、一定割合で割り箸が使われると仮定し、人口1人あたり年間150〜200本程度使用すると推計すると、1.2億人×170本≒200億本になります。
151,オープン思考・フェルミ推定,tag-open,世界中の図書館に所蔵されている本の総数を推定してください。,数十億〜百億冊規模,世界の図書館数（数百万館）×平均蔵書数（数千〜数万冊）から推定すると、桁としては数十億冊から百億冊規模になると考えられます。正確な統計は存在しませんが、規模感をつかむことが目的です。
152,オープン思考・フェルミ推定,tag-open,日本のすべての猫の数（ペットとして飼われている猫）を推定してください。,約900万匹,日本の世帯数（約5800万）のうち、ペット飼育率や猫の飼育率（約10〜12%）を考慮すると、600万〜900万匹程度になります。一般社団法人ペットフード協会のデータでは約900万匹とされています。
153,オープン思考・フェルミ推定,tag-open,日本全国の駅（鉄道）の数を推定してください。,約9500駅,JRと私鉄、地下鉄を合わせた路線網の規模から推定すると、各都道府県平均200駅程度×47都道府県で約9000〜10000駅になります。実際の統計では約9500駅です。
154,オープン思考・フェルミ推定,tag-open,世界の人口がすべて一斉にジャンプしたら、地球の重さや軌道に影響はありますか？,実質的な影響はほぼゼロ（人類の総質量は地球の質量に対して無視できるほど小さい）,地球の質量は約6×10^24kgに対し、人類80億人の総質量は約5億トン（5×10^11kg）程度で、比率にすると10兆分の1以下です。ジャンプによる衝撃も地球の運動に対して無視できるレベルです。
155,オープン思考・フェルミ推定,tag-open,日本で1年間に行われる結婚式の件数を推定してください。,約50万件,日本の年間結婚件数（婚姻数）は人口や出生率の傾向から推定でき、近年は約50万組前後で推移しています。厚労省の人口動態統計とも近い数値になります。
156,オープン思考・フェルミ推定,tag-open,世界全体で1秒間に何回「いいね（SNSのリアクション）」が押されているか推定してください。,数万〜数十万回/秒,主要SNS（Facebook、Instagram、Xなど）のアクティブユーザー数（数十億人規模）と利用時間を考慮すると、1秒あたり数万から数十万件の「いいね」が発生していると推定されます。
157,オープン思考・フェルミ推定,tag-open,日本にある「ラーメン店」の数を推定してください。,約3万〜3.5万店,コンビニの数（約5.8万店）と比較しながら、人口あたりの飲食店密度から推定すると、ラーメン専門店は約3万店前後とされています（タウンページ等のデータに基づく推計）。
158,オープン思考・フェルミ推定,tag-open,1日に世界で飲まれるコーヒーの杯数を推定してください。,約20億〜25億杯,世界の年間コーヒー消費量（豆換算で約1000万トン）から1杯あたりの豆使用量（約10g）で逆算すると、年間1兆杯規模、1日あたり約20〜25億杯という推計が成り立ちます。
159,オープン思考・フェルミ推定,tag-open,日本全国の橋以外のトンネルの数を推定してください。,約1万本,山地が多い日本では道路・鉄道トンネルが多数存在します。国土交通省データによると道路トンネルは約1万本程度とされています。
160,オープン思考・フェルミ推定,tag-open,世界中の砂浜にある砂粒の総数を推定してください。,10の20乗〜21乗個程度（諸説あるが天文学的な数）,地球上の砂浜の総面積と、砂粒1つあたりの体積（直径約0.5mm程度と仮定）から逆算すると、10の18乗から21乗個というオーダーの推定が一般的に紹介されます。正確な値より「桁感」をつかむことが目的の問題です。
161,オープン思考・フェルミ推定,tag-open,日本における「銭湯」の数を推定してください。,約1800軒,かつては数万軒あった銭湯も、内風呂の普及により大幅に減少しています。厚労省の統計では公衆浴場（銭湯）は約1800軒程度（2020年代）まで減少しているとされます。
162,オープン思考・フェルミ推定,tag-open,1年間に全世界で発生する地震の回数を推定してください。,観測可能な地震は年間数十万回（人体に感じるものは数万回）,地震計の感度向上により、マグニチュード2.0以上のごく小さな揺れまで含めると、全世界で年間数十万回の地震が観測されています。人が感じる規模（M4以上など）に限ると数万回程度に絞られます。
163,オープン思考・フェルミ推定,tag-open,日本の喫煙者数を推定してください。,約1500万〜1700万人,人口1.2億人のうち成人人口（約1億人）に対して、喫煙率（男女平均で約15〜17%程度）を掛けると1500万〜1700万人という推計になります。
164,オープン思考・フェルミ推定,tag-open,世界中で飼育されている鶏の総数を推定してください。,約250億〜300億羽,世界人口80億人に対して、食肉用・採卵用として1人あたり3〜4羽相当の鶏が飼育されていると仮定すると、240億〜320億羽という推計になります。国連食糧農業機関のデータでも同程度の規模が示されています。
165,オープン思考・フェルミ推定,tag-open,日本にある「ファミリーレストラン」の店舗数を推定してください。,約5000〜6000店,主要チェーン（すかいらーく系列、デニーズ、ロイヤルホストなど）の店舗数を足し合わせると、業界全体でおおよそ5000〜6000店程度になると推定されます。
166,オープン思考・フェルミ推定,tag-open,世界中の本棚にある本を1冊ずつ積み上げたら、月まで届きますか？（積み上げた本の厚さ2cmと仮定）,おそらく届く、もしくはそれに近い高さになる（世界の総蔵書数が数百億〜数千億冊と推定されるため）,月までの距離は約38万km。本の厚さを2cmとすると、1冊あたり38万km÷0.00002km＝1900万冊で月に届く計算になります。世界中の蔵書数（図書館・個人所有含め数百億冊規模）を考えると、理論上は何度も月まで届く規模になります。
167,オープン思考・フェルミ推定,tag-open,日本の小中学生（義務教育の児童・生徒）の総数を推定してください。,約950万人,少子化により減少傾向にありますが、小学生約600万人、中学生約320万人として合計すると約920万〜950万人程度になります。文科省の学校基本調査の数値とも近い値です。
168,オープン思考・フェルミ推定,tag-open,世界で1年間に消費されるアルミ缶の本数を推定してください。,約3000億〜4000億本,世界の飲料消費量とアルミ缶のシェアから推定すると、人口80億人×年間40〜50本程度のアルミ缶飲料消費という仮定で、3000億〜4000億本という規模になります。
169,オープン思考・フェルミ推定,tag-open,日本にある「お寺」の数を推定してください。,約7万7000寺,全国の市区町村に複数の寺院が存在し、文化庁の宗教統計調査によると日本の寺院数は約7万7000カ寺とされており、コンビニの数（約5.8万店）よりも多いことで知られています。
